"_primaryKey","_firstSeenAt","_lastSeenAt","performerId","name","shortName","type","slug","url","heroImageUrl","bannerImageUrl","score","popularity","homeVenueId","primaryColor","iconicColor","isEvent","divisionName","divisionShortName","taxonomyName","taxonomySubName"
"2088","2026-03-25 22:18:22.273","2026-03-25 22:18:22.273",2088,"Boston Celtics","Celtics","nba","boston-celtics","https://seatgeek.com/boston-celtics-tickets","[PREMIUM]","[PREMIUM]",0.73,570088,1544,"#008348","#008348",false,"Eastern - Atlantic","Atlantic","sports","basketball"
"2091","2026-03-25 22:18:22.273","2026-03-25 22:18:22.273",2091,"Philadelphia 76ers","76ers","nba","philadelphia-76ers","https://seatgeek.com/philadelphia-76ers-tickets","[PREMIUM]","[PREMIUM]",0.69,267456,3148,"#003DA6","#003DA6",false,"Eastern - Atlantic","Atlantic","sports","basketball"
"2114","2026-03-25 22:18:22.273","2026-03-25 22:18:22.273",2114,"Houston Rockets","Rockets","nba","houston-rockets","https://seatgeek.com/houston-rockets-tickets","[PREMIUM]","[PREMIUM]",0.7,330214,129,"#181818","#CE1141",false,"Western - Southwest","Southwest","sports","basketball"
"2111","2026-03-25 22:18:22.273","2026-03-25 22:18:22.273",2111,"Phoenix Suns","Suns","nba","phoenix-suns","https://seatgeek.com/phoenix-suns-tickets","[PREMIUM]","[PREMIUM]",0.7,237401,130,"#1D1160","#1D1160",false,"Western - Pacific","Pacific","sports","basketball"
"2110","2026-03-25 22:18:22.273","2026-03-25 22:18:22.273",2110,"Los Angeles Lakers","Lakers","nba","los-angeles-lakers","https://seatgeek.com/los-angeles-lakers-tickets","[PREMIUM]","[PREMIUM]",0.75,838932,134,"#552583","#552583",false,"Western - Pacific","Pacific","sports","basketball"
"2108","2026-03-25 22:18:22.273","2026-03-25 22:18:22.273",2108,"Golden State Warriors","Warriors","nba","golden-state-warriors","https://seatgeek.com/golden-state-warriors-tickets","[PREMIUM]","[PREMIUM]",0.72,245730,467029,"#1D428A","#FFC600",false,"Western - Pacific","Pacific","sports","basketball"
"2106","2026-03-25 22:18:22.273","2026-03-25 22:18:22.273",2106,"Portland Trail Blazers","Trail Blazers","nba","portland-trail-blazers","https://seatgeek.com/portland-trail-blazers-tickets","[PREMIUM]","[PREMIUM]",0.65,100289,256,"#061922","#C8102E",false,"Western - Northwest","Northwest","sports","basketball"
"2117","2026-03-25 22:18:22.273","2026-03-25 22:18:22.273",2117,"San Antonio Spurs","Spurs","nba","san-antonio-spurs","https://seatgeek.com/san-antonio-spurs-tickets","[PREMIUM]","[PREMIUM]",0.7,346372,185,"#061922","#061922",false,"Western - Southwest","Southwest","sports","basketball"
"2103","2026-03-25 22:18:22.273","2026-03-25 22:18:22.273",2103,"Denver Nuggets","Nuggets","nba","denver-nuggets","https://seatgeek.com/denver-nuggets-tickets","[PREMIUM]","[PREMIUM]",0.7,277173,187,"#0D2240","#0D2240",false,"Western - Northwest","Northwest","sports","basketball"
"23508","2026-03-25 22:18:22.273","2026-03-25 22:18:22.273",23508,"NBA Summer League","NBA Summer League","nba","nba-summer-league","https://seatgeek.com/nba-summer-league-tickets","[PREMIUM]","[PREMIUM]",0.58,704,950,,,true,,,"sports","basketball"
"2100","2026-03-25 22:18:22.273","2026-03-25 22:18:22.273",2100,"Miami Heat","Heat","nba","miami-heat","https://seatgeek.com/miami-heat-tickets","[PREMIUM]","[PREMIUM]",0.7,487534,183,"#061922","#98002E",false,"Eastern - Southeast","Southeast","sports","basketball"
"2099","2026-03-25 22:18:22.273","2026-03-25 22:18:22.273",2099,"Charlotte Hornets","Hornets","nba","charlotte-hornets","https://seatgeek.com/charlotte-hornets-tickets","[PREMIUM]","[PREMIUM]",0.67,335511,112,"#1D1160","#00788C",false,"Eastern - Southeast","Southeast","sports","basketball"
"802460","2026-03-25 22:18:22.273","2026-03-25 22:18:22.273",802460,"NBA Western Conference Semifinals","NBA Western Conference Semifinals","nba","nba-western-conference-semifinals-1","https://seatgeek.com/nba-western-conference-semifinals-1-tickets","[PREMIUM]","[PREMIUM]",0.7,54721,,,,true,,,"sports","basketball"
"2095","2026-03-25 22:18:22.273","2026-03-25 22:18:22.273",2095,"Detroit Pistons","Pistons","nba","detroit-pistons","https://seatgeek.com/detroit-pistons-tickets","[PREMIUM]","[PREMIUM]",0.68,250685,420444,"#0F4B91","#0F4B91",false,"Eastern - Central","Central","sports","basketball"
"2092","2026-03-25 22:18:22.273","2026-03-25 22:18:22.273",2092,"Toronto Raptors","Raptors","nba","toronto-raptors","https://seatgeek.com/toronto-raptors-tickets","[PREMIUM]","[PREMIUM]",0.66,194586,91,"#181818","#BD1B21",false,"Eastern - Atlantic","Atlantic","sports","basketball"
"797403","2026-03-25 22:18:22.273","2026-03-25 22:18:22.273",797403,"NBA Eastern Conference Finals","NBA Eastern Conference Finals","nba","nba-eastern-conference-finals","https://seatgeek.com/nba-eastern-conference-finals-tickets","[PREMIUM]","[PREMIUM]",0.74,67587,,,,true,,,"sports","basketball"
"797402","2026-03-25 22:18:22.273","2026-03-25 22:18:22.273",797402,"NBA Western Conference Finals","NBA Western Conference Finals","nba","nba-western-conference-finals","https://seatgeek.com/nba-western-conference-finals-tickets","[PREMIUM]","[PREMIUM]",0.73,62993,,,,true,,,"sports","basketball"
"797401","2026-03-25 22:18:22.273","2026-03-25 22:18:22.273",797401,"NBA Eastern Conference Semifinals","NBA Eastern Conference Semifinals","nba","nba-eastern-conference-semifinals","https://seatgeek.com/nba-eastern-conference-semifinals-tickets","[PREMIUM]","[PREMIUM]",0.71,63443,,,,true,,,"sports","basketball"
"797400","2026-03-25 22:18:22.273","2026-03-25 22:18:22.273",797400,"NBA Eastern Conference First Round","NBA Eastern Conference First Round","nba","nba-eastern-conference-first-round","https://seatgeek.com/nba-eastern-conference-first-round-tickets","[PREMIUM]","[PREMIUM]",0.69,114823,,,,true,,,"sports","basketball"
"7331","2026-03-25 22:18:22.273","2026-03-25 22:18:22.273",7331,"Gowan","Gowan","band","gowan","https://seatgeek.com/gowan-tickets","[PREMIUM]","[PREMIUM]",0.41,39,,,,false,,,"concert",
"793391","2026-03-25 22:18:22.273","2026-03-25 22:18:22.273",793391,"NBA Finals","NBA Finals","nba","nba-finals","https://seatgeek.com/nba-finals-tickets","[PREMIUM]","[PREMIUM]",0.77,132911,,,,true,,,"sports","basketball"
"2090","2026-03-25 22:18:22.273","2026-03-25 22:18:22.273",2090,"New York Knicks","Knicks","nba","new-york-knicks","https://seatgeek.com/new-york-knicks-tickets","[PREMIUM]","[PREMIUM]",0.75,502708,93,"#00438C","#00438C",false,"Eastern - Atlantic","Atlantic","sports","basketball"
"787992","2026-03-25 22:18:22.273","2026-03-25 22:18:22.273",787992,"NBA Playoffs","NBA Playoffs","nba","nba-playoffs","https://seatgeek.com/nba-playoffs-tickets","[PREMIUM]","[PREMIUM]",0.72,678234,,,,true,,,"sports","basketball"
"787816","2026-03-25 22:18:22.273","2026-03-25 22:18:22.273",787816,"NBA Western Conference First Round","NBA Western Conference First Round","nba","nba-western-conference-first-round","https://seatgeek.com/nba-western-conference-first-round-tickets","[PREMIUM]","[PREMIUM]",0.7,106695,,,,true,,,"sports","basketball"
"2105","2026-03-25 22:18:22.273","2026-03-25 22:18:22.273",2105,"Oklahoma City Thunder","Thunder","nba","oklahoma-city-thunder","https://seatgeek.com/oklahoma-city-thunder-tickets","[PREMIUM]","[PREMIUM]",0.71,462540,208,"#002D62","#002D62",false,"Western - Northwest","Northwest","sports","basketball"
"2101","2026-03-25 22:17:35.945","2026-03-25 22:17:35.945",2101,"Orlando Magic","Magic","nba","orlando-magic","https://seatgeek.com/orlando-magic-tickets","[PREMIUM]","[PREMIUM]",0.67,189518,2652,"#000000","#0B77BD",false,"Eastern - Southeast","Southeast","sports","basketball"
"2096","2026-03-25 22:17:35.945","2026-03-25 22:17:35.945",2096,"Indiana Pacers","Pacers","nba","indiana-pacers","https://seatgeek.com/indiana-pacers-tickets","[PREMIUM]","[PREMIUM]",0.71,191794,121,"#002D62","#FDBB30",false,"Eastern - Central","Central","sports","basketball"
"2113","2026-03-25 22:17:35.945","2026-03-25 22:17:35.945",2113,"Dallas Mavericks","Mavericks","nba","dallas-mavericks","https://seatgeek.com/dallas-mavericks-tickets","[PREMIUM]","[PREMIUM]",0.71,240323,117,"#0064B1","#0064B1",false,"Western - Southwest","Southwest","sports","basketball"
"2112","2026-03-25 22:17:35.945","2026-03-25 22:17:35.945",2112,"Sacramento Kings","Kings","nba","sacramento-kings","https://seatgeek.com/sacramento-kings-tickets","[PREMIUM]","[PREMIUM]",0.65,105604,177304,"#5B2C81","#5B2C81",false,"Western - Pacific","Pacific","sports","basketball"
"2109","2026-03-25 22:17:35.945","2026-03-25 22:17:35.945",2109,"Los Angeles Clippers","Clippers","nba","los-angeles-clippers","https://seatgeek.com/los-angeles-clippers-tickets","[PREMIUM]","[PREMIUM]",0.68,138889,522233,"#1D428A","#1D428A",false,"Western - Pacific","Pacific","sports","basketball"
"2107","2026-03-25 22:17:35.945","2026-03-25 22:17:35.945",2107,"Utah Jazz","Jazz","nba","utah-jazz","https://seatgeek.com/utah-jazz-tickets","[PREMIUM]","[PREMIUM]",0.71,247166,188,"#4E008E","#4E008E",false,"Western - Northwest","Northwest","sports","basketball"
"2104","2026-03-25 22:17:35.945","2026-03-25 22:17:35.945",2104,"Minnesota Timberwolves","Timberwolves","nba","minnesota-timberwolves","https://seatgeek.com/minnesota-timberwolves-tickets","[PREMIUM]","[PREMIUM]",0.68,225758,135,"#0C2340","#0C2340",false,"Western - Northwest","Northwest","sports","basketball"
"2102","2026-03-25 22:17:35.945","2026-03-25 22:17:35.945",2102,"Washington Wizards","Wizards","nba","washington-wizards","https://seatgeek.com/washington-wizards-tickets","[PREMIUM]","[PREMIUM]",0.67,254323,181,"#002A5C","#002A5C",false,"Eastern - Southeast","Southeast","sports","basketball"
"2089","2026-03-25 22:17:35.945","2026-03-25 22:17:35.945",2089,"Brooklyn Nets","Nets","nba","brooklyn-nets","https://seatgeek.com/brooklyn-nets-tickets","[PREMIUM]","[PREMIUM]",0.69,222911,7546,"#000000","#000000",false,"Eastern - Atlantic","Atlantic","sports","basketball"
"2115","2026-03-25 22:17:35.945","2026-03-25 22:17:35.945",2115,"Memphis Grizzlies","Grizzlies","nba","memphis-grizzlies","https://seatgeek.com/memphis-grizzlies-tickets","[PREMIUM]","[PREMIUM]",0.65,118921,1243,"#12173F","#5D76A9",false,"Western - Southwest","Southwest","sports","basketball"
"2098","2026-03-25 22:17:35.945","2026-03-25 22:17:35.945",2098,"Atlanta Hawks","Hawks","nba","atlanta-hawks","https://seatgeek.com/atlanta-hawks-tickets","[PREMIUM]","[PREMIUM]",0.67,294336,127,"#C8102E","#C8102E",false,"Eastern - Southeast","Southeast","sports","basketball"
"2097","2026-03-25 22:17:35.945","2026-03-25 22:17:35.945",2097,"Milwaukee Bucks","Bucks","nba","milwaukee-bucks","https://seatgeek.com/milwaukee-bucks-tickets","[PREMIUM]","[PREMIUM]",0.67,174092,435592,"#00471B","#00471B",false,"Eastern - Central","Central","sports","basketball"
"2093","2026-03-25 22:17:35.945","2026-03-25 22:17:35.945",2093,"Chicago Bulls","Bulls","nba","chicago-bulls","https://seatgeek.com/chicago-bulls-tickets","[PREMIUM]","[PREMIUM]",0.68,342667,136,"#181818","#CE1141",false,"Eastern - Central","Central","sports","basketball"
"2094","2026-03-25 22:17:35.945","2026-03-25 22:17:35.945",2094,"Cleveland Cavaliers","Cavaliers","nba","cleveland-cavaliers","https://seatgeek.com/cleveland-cavaliers-tickets","[PREMIUM]","[PREMIUM]",0.76,704797,120,"#6A0032","#6A0032",false,"Eastern - Central","Central","sports","basketball"
"802458","2026-03-25 22:17:35.945","2026-03-25 22:17:35.945",802458,"NBA Play-In Tournament","NBA Play-In Tournament","nba","nba-play-in-tournament","https://seatgeek.com/nba-play-in-tournament-tickets","[PREMIUM]","[PREMIUM]",0.61,75062,,,,true,,,"sports","basketball"
"2116","2026-03-25 22:17:35.945","2026-03-25 22:17:35.945",2116,"New Orleans Pelicans","Pelicans","nba","new-orleans-pelicans","https://seatgeek.com/new-orleans-pelicans-tickets","[PREMIUM]","[PREMIUM]",0.7,224121,184,"#0A2240","#0A2240",false,"Western - Southwest","Southwest","sports","basketball"
"797658","2026-03-25 22:16:44.417","2026-03-25 22:16:44.417",797658,"NHL Western Conference Finals","NHL Western Conference Finals","nhl","nhl-western-conference-finals","https://seatgeek.com/nhl-western-conference-finals-tickets","[PREMIUM]","[PREMIUM]",0.62,22876,,,,true,,,"sports","hockey"
"2131","2026-03-25 22:16:44.417","2026-03-25 22:16:44.417",2131,"Tampa Bay Lightning","Lightning","nhl","tampa-bay-lightning","https://seatgeek.com/tampa-bay-lightning-tickets","[PREMIUM]","[PREMIUM]",0.66,153307,182,"#002868","#002868",false,"Eastern - Atlantic","Atlantic","sports","hockey"
"792982","2026-03-25 22:16:44.417","2026-03-25 22:16:44.417",792982,"NHL Playoffs","NHL Playoffs","nhl","nhl-playoffs","https://seatgeek.com/nhl-playoffs-tickets","[PREMIUM]","[PREMIUM]",0.66,254763,,,,true,,,"sports","hockey"
"627288","2026-03-25 22:16:44.417","2026-03-25 22:16:44.417",627288,"Vegas Golden Knights","Golden Knights","nhl","vegas-golden-knights","https://seatgeek.com/vegas-golden-knights-tickets","[PREMIUM]","[PREMIUM]",0.65,133427,161601,"#000000","#B4975A",false,"Western - Pacific","Pacific","sports","hockey"
"14328","2026-03-25 22:16:44.417","2026-03-25 22:16:44.417",14328,"NHL Eastern Conference Finals","NHL Eastern Conference Finals","nhl","nhl-eastern-conference-finals","https://seatgeek.com/nhl-eastern-conference-finals-tickets","[PREMIUM]","[PREMIUM]",0.66,27681,,,,true,,,"sports","hockey"
"2129","2026-03-25 22:16:44.417","2026-03-25 22:16:44.417",2129,"Carolina Hurricanes","Hurricanes","nhl","carolina-hurricanes","https://seatgeek.com/carolina-hurricanes-tickets","[PREMIUM]","[PREMIUM]",0.65,171153,1430,"#000000","#CC0000",false,"Eastern - Metropolitan","Metropolitan","sports","hockey"
"260530","2026-03-25 22:16:44.417","2026-03-25 22:16:44.417",260530,"NHL Heritage Classic","NHL Heritage Classic","nhl","nhl-heritage-classic","https://seatgeek.com/nhl-heritage-classic-tickets","[PREMIUM]","[PREMIUM]",0.65,57,,,,true,,,"sports","hockey"
"2128","2026-03-25 22:16:44.417","2026-03-25 22:16:44.417",2128,"Winnipeg Jets","Jets","nhl","winnipeg-jets","https://seatgeek.com/winnipeg-jets-tickets","[PREMIUM]","[PREMIUM]",0.64,126118,98,"#041E42","#041E42",false,"Western - Central","Central","sports","hockey"
"2135","2026-03-25 22:16:44.417","2026-03-25 22:16:44.417",2135,"Detroit Red Wings","Red Wings","nhl","detroit-red-wings","https://seatgeek.com/detroit-red-wings-tickets","[PREMIUM]","[PREMIUM]",0.66,203809,420444,"#000000","#CE1126",false,"Eastern - Atlantic","Atlantic","sports","hockey"
"2125","2026-03-25 22:16:44.417","2026-03-25 22:16:44.417",2125,"Montreal Canadiens","Canadiens","nhl","montreal-canadiens","https://seatgeek.com/montreal-canadiens-tickets","[PREMIUM]","[PREMIUM]",0.65,153333,139,"#192168","#AF1E2D",false,"Eastern - Atlantic","Atlantic","sports","hockey"
"2124","2026-03-25 22:16:44.417","2026-03-25 22:16:44.417",2124,"Buffalo Sabres","Sabres","nhl","buffalo-sabres","https://seatgeek.com/buffalo-sabres-tickets","[PREMIUM]","[PREMIUM]",0.63,141867,212,"#002654","#002654",false,"Eastern - Atlantic","Atlantic","sports","hockey"
"2139","2026-03-25 22:16:44.417","2026-03-25 22:16:44.417",2139,"Colorado Avalanche","Avalanche","nhl","colorado-avalanche","https://seatgeek.com/colorado-avalanche-tickets","[PREMIUM]","[PREMIUM]",0.66,186090,187,"#6F263D","#6F263D",false,"Western - Central","Central","sports","hockey"
"2123","2026-03-25 22:16:44.417","2026-03-25 22:16:44.417",2123,"Boston Bruins","Bruins","nhl","boston-bruins","https://seatgeek.com/boston-bruins-tickets","[PREMIUM]","[PREMIUM]",0.68,349622,1544,"#000000","#000000",false,"Eastern - Atlantic","Atlantic","sports","hockey"
"2143","2026-03-25 22:16:44.417","2026-03-25 22:16:44.417",2143,"Anaheim Ducks","Ducks","nhl","anaheim-ducks","https://seatgeek.com/anaheim-ducks-tickets","[PREMIUM]","[PREMIUM]",0.62,69940,133,"#181818","#181818",false,"Western - Pacific","Pacific","sports","hockey"
"2122","2026-03-25 22:16:44.417","2026-03-25 22:16:44.417",2122,"Pittsburgh Penguins","Penguins","nhl","pittsburgh-penguins","https://seatgeek.com/pittsburgh-penguins-tickets","[PREMIUM]","[PREMIUM]",0.65,166452,2265,"#181818","#181818",false,"Eastern - Metropolitan","Metropolitan","sports","hockey"
"2119","2026-03-25 22:16:44.417","2026-03-25 22:16:44.417",2119,"New York Islanders","Islanders","nhl","new-york-islanders","https://seatgeek.com/new-york-islanders-tickets","[PREMIUM]","[PREMIUM]",0.63,122740,518722,"#00539B","#00539B",false,"Eastern - Metropolitan","Metropolitan","sports","hockey"
"2144","2026-03-25 22:16:44.417","2026-03-25 22:16:44.417",2144,"Dallas Stars","Stars","nhl","dallas-stars","https://seatgeek.com/dallas-stars-tickets","[PREMIUM]","[PREMIUM]",0.68,278904,117,"#000000","#006847",false,"Western - Central","Central","sports","hockey"
"2145","2026-03-25 22:16:44.417","2026-03-25 22:16:44.417",2145,"Los Angeles Kings","Kings","nhl","los-angeles-kings","https://seatgeek.com/los-angeles-kings-tickets","[PREMIUM]","[PREMIUM]",0.63,76472,134,"#000000","#000000",false,"Western - Pacific","Pacific","sports","hockey"
"14344","2026-03-25 22:16:44.417","2026-03-25 22:16:44.417",14344,"NHL Stanley Cup Finals","NHL Stanley Cup Finals","nhl","nhl-stanley-cup-finals","https://seatgeek.com/nhl-stanley-cup-finals-tickets","[PREMIUM]","[PREMIUM]",0.71,71722,,,,true,,,"sports","hockey"
"2147","2026-03-25 22:16:28.419","2026-03-25 22:16:28.419",2147,"San Jose Sharks","Sharks","nhl","san-jose-sharks","https://seatgeek.com/san-jose-sharks-tickets","[PREMIUM]","[PREMIUM]",0.63,129226,157,"#000000","#00788A",false,"Western - Pacific","Pacific","sports","hockey"
"14293","2026-03-25 22:16:28.419","2026-03-25 22:16:28.419",14293,"NHL Western Conference First Round","NHL Western Conference First Round","nhl","nhl-western-conference-first-round","https://seatgeek.com/nhl-western-conference-first-round-tickets","[PREMIUM]","[PREMIUM]",0.62,38314,,,,true,,,"sports","hockey"
"2140","2026-03-25 22:16:28.419","2026-03-25 22:16:28.419",2140,"Edmonton Oilers","Oilers","nhl","edmonton-oilers","https://seatgeek.com/edmonton-oilers-tickets","[PREMIUM]","[PREMIUM]",0.7,119144,75884,"#041E42","#FF4C00",false,"Western - Pacific","Pacific","sports","hockey"
"701389","2026-03-25 22:16:28.419","2026-03-25 22:16:28.419",701389,"NHL Eastern Conference Second Round","NHL Eastern Conference Second Round","nhl","nhl-eastern-conference-second-round","https://seatgeek.com/nhl-eastern-conference-second-round-tickets","[PREMIUM]","[PREMIUM]",0.65,25475,,,,true,,,"sports","hockey"
"701347","2026-03-25 22:16:28.419","2026-03-25 22:16:28.419",701347,"NHL Eastern Conference First Round","NHL Eastern Conference First Round","nhl","nhl-eastern-conference-first-round","https://seatgeek.com/nhl-eastern-conference-first-round-tickets","[PREMIUM]","[PREMIUM]",0.63,48722,,,,true,,,"sports","hockey"
"448018","2026-03-25 22:16:28.419","2026-03-25 22:16:28.419",448018,"NHL Western Conference Second Round","NHL Western Conference Second Round","nhl","nhl-western-conference-second-round","https://seatgeek.com/nhl-western-conference-second-round-tickets","[PREMIUM]","[PREMIUM]",0.61,19973,,,,true,,,"sports","hockey"
"794055","2026-03-25 22:16:17.970","2026-03-25 22:16:17.970",794055,"Seattle Kraken","Kraken","nhl","seattle-kraken","https://seatgeek.com/seattle-kraken-tickets","[PREMIUM]","[PREMIUM]",0.64,115183,176,"#001425","#001425",false,"Western - Pacific","Pacific","sports","hockey"
"2136","2026-03-25 22:16:17.970","2026-03-25 22:16:17.970",2136,"Nashville Predators","Predators","nhl","nashville-predators","https://seatgeek.com/nashville-predators-tickets","[PREMIUM]","[PREMIUM]",0.64,142090,2195,"#041E42","#FFB81C",false,"Western - Central","Central","sports","hockey"
"2142","2026-03-25 22:16:17.970","2026-03-25 22:16:17.970",2142,"Vancouver Canucks","Canucks","nhl","vancouver-canucks","https://seatgeek.com/vancouver-canucks-tickets","[PREMIUM]","[PREMIUM]",0.63,87684,2983,"#00205B","#00205B",false,"Western - Pacific","Pacific","sports","hockey"
"2141","2026-03-25 22:16:17.970","2026-03-25 22:16:17.970",2141,"Minnesota Wild","Wild","nhl","minnesota-wild","https://seatgeek.com/minnesota-wild-tickets","[PREMIUM]","[PREMIUM]",0.64,242869,123,"#154734","#154734",false,"Western - Central","Central","sports","hockey"
"2130","2026-03-25 22:16:17.970","2026-03-25 22:16:17.970",2130,"Florida Panthers","Panthers","nhl","florida-panthers","https://seatgeek.com/florida-panthers-tickets","[PREMIUM]","[PREMIUM]",0.76,498019,126,"#041E42","#041E42",false,"Eastern - Atlantic","Atlantic","sports","hockey"
"2126","2026-03-25 22:16:17.970","2026-03-25 22:16:17.970",2126,"Ottawa Senators","Senators","nhl","ottawa-senators","https://seatgeek.com/ottawa-senators-tickets","[PREMIUM]","[PREMIUM]",0.6,175898,150,"#181818","#C8102E",false,"Eastern - Atlantic","Atlantic","sports","hockey"
"2127","2026-03-25 22:16:17.970","2026-03-25 22:16:17.970",2127,"Toronto Maple Leafs","Maple Leafs","nhl","toronto-maple-leafs","https://seatgeek.com/toronto-maple-leafs-tickets","[PREMIUM]","[PREMIUM]",0.66,105917,91,"#000000","#00205B",false,"Eastern - Atlantic","Atlantic","sports","hockey"
"2138","2026-03-25 22:16:17.970","2026-03-25 22:16:17.970",2138,"Calgary Flames","Flames","nhl","calgary-flames","https://seatgeek.com/calgary-flames-tickets","[PREMIUM]","[PREMIUM]",0.63,81962,96,"#C8102E","#C8102E",false,"Western - Pacific","Pacific","sports","hockey"
"2121","2026-03-25 22:16:17.970","2026-03-25 22:16:17.970",2121,"Philadelphia Flyers","Flyers","nhl","philadelphia-flyers","https://seatgeek.com/philadelphia-flyers-tickets","[PREMIUM]","[PREMIUM]",0.65,219713,3148,"#000104","#D24303",false,"Eastern - Metropolitan","Metropolitan","sports","hockey"
"2120","2026-03-25 22:16:17.970","2026-03-25 22:16:17.970",2120,"New York Rangers","Rangers","nhl","new-york-rangers","https://seatgeek.com/new-york-rangers-tickets","[PREMIUM]","[PREMIUM]",0.7,213217,93,"#0038A8","#0038A8",false,"Eastern - Metropolitan","Metropolitan","sports","hockey"
"811913","2026-03-25 22:16:17.970","2026-03-25 22:16:17.970",811913,"Utah Mammoth","Mammoth","nhl","utah-mammoth","https://seatgeek.com/utah-mammoth-tickets","[PREMIUM]","[PREMIUM]",0.74,245438,188,"#000000","#000000",false,"Western - Central","Central","sports","hockey"
"2118","2026-03-25 22:16:17.970","2026-03-25 22:16:17.970",2118,"New Jersey Devils","Devils","nhl","new-jersey-devils","https://seatgeek.com/new-jersey-devils-tickets","[PREMIUM]","[PREMIUM]",0.65,179968,1500,"#181818","#CC0000",false,"Eastern - Metropolitan","Metropolitan","sports","hockey"
"2133","2026-03-25 22:16:17.970","2026-03-25 22:16:17.970",2133,"Chicago Blackhawks","Blackhawks","nhl","chicago-blackhawks","https://seatgeek.com/chicago-blackhawks-tickets","[PREMIUM]","[PREMIUM]",0.67,174623,136,"#231F20","#CE1126",false,"Western - Central","Central","sports","hockey"
"2134","2026-03-25 22:16:17.970","2026-03-25 22:16:17.970",2134,"Columbus Blue Jackets","Blue Jackets","nhl","columbus-blue-jackets","https://seatgeek.com/columbus-blue-jackets-tickets","[PREMIUM]","[PREMIUM]",0.62,125926,430,"#002654","#002654",false,"Eastern - Metropolitan","Metropolitan","sports","hockey"
"2137","2026-03-25 22:16:17.970","2026-03-25 22:16:17.970",2137,"St. Louis Blues","Blues","nhl","st-louis-blues","https://seatgeek.com/st-louis-blues-tickets","[PREMIUM]","[PREMIUM]",0.65,139707,186,"#003087","#003087",false,"Western - Central","Central","sports","hockey"
"2132","2026-03-25 22:16:17.970","2026-03-25 22:16:17.970",2132,"Washington Capitals","Capitals","nhl","washington-capitals","https://seatgeek.com/washington-capitals-tickets","[PREMIUM]","[PREMIUM]",0.67,267534,181,"#041E42","#C8102E",false,"Eastern - Metropolitan","Metropolitan","sports","hockey"
"2078","2026-03-25 22:14:16.861","2026-03-25 22:14:16.861",2078,"Washington Commanders","Commanders","nfl","washington-commanders","https://seatgeek.com/washington-commanders-tickets","[PREMIUM]","[PREMIUM]",0.84,3,35,"#5A1414","#5A1414",false,"NFC East","NFC East","sports","football"
"140920","2026-03-25 22:14:16.861","2026-03-25 22:14:16.861",140920,"NFL Hall Of Fame Game","NFL Hall Of Fame Game","nfl","nfl-hall-of-fame-game","https://seatgeek.com/nfl-hall-of-fame-game-tickets","[PREMIUM]","[PREMIUM]",0.74,3391,,,,true,,,"sports","football"
"2077","2026-03-25 22:14:16.861","2026-03-25 22:14:16.861",2077,"Arizona Cardinals","Cardinals","nfl","arizona-cardinals","https://seatgeek.com/arizona-cardinals-tickets","[PREMIUM]","[PREMIUM]",0.7,10290,43,"#000000","#97233F",false,"NFC West","NFC West","sports","football"
"807539","2026-03-25 22:14:16.861","2026-03-25 22:14:16.861",807539,"AT&T Stadium VIP Guided Tour","AT&T Stadium VIP Guided Tour","stadium_tours","at-t-stadium-vip-guided-tour","https://seatgeek.com/at-t-stadium-vip-guided-tour-tickets","[PREMIUM]","[PREMIUM]",0.38,32769,,,,false,,,"sports","football"
"808683","2026-03-25 22:14:16.861","2026-03-25 22:14:16.861",808683,"Arizona Cardinals Season Ticket Deposits","Arizona Cardinals Season Ticket Deposits","nfl","arizona-cardinals-season-ticket-deposits","https://seatgeek.com/arizona-cardinals-season-ticket-deposits-tickets","[PREMIUM]","[PREMIUM]",0,0,43,,,true,,,"sports","football"
"2063","2026-03-25 22:14:16.861","2026-03-25 22:14:16.861",2063,"Carolina Panthers","Panthers","nfl","carolina-panthers","https://seatgeek.com/carolina-panthers-tickets","[PREMIUM]","[PREMIUM]",0.74,3395,1122,"#101820","#0085CA",false,"NFC South","NFC South","sports","football"
"2057","2026-03-25 22:14:16.861","2026-03-25 22:14:16.861",2057,"Tennessee Titans","Titans","nfl","tennessee-titans","https://seatgeek.com/tennessee-titans-tickets","[PREMIUM]","[PREMIUM]",0.78,0,1126,"#002A5C","#4495D2",false,"AFC South","AFC South","sports","football"
"117841","2026-03-25 22:14:16.861","2026-03-25 22:14:16.861",117841,"NFL Hall of Fame Enshrinement","NFL Hall of Fame Enshrinement","nfl","nfl-hall-of-fame-enshrinement","https://seatgeek.com/nfl-hall-of-fame-enshrinement-tickets","[PREMIUM]","[PREMIUM]",0.56,13,,,,true,,,"sports","football"
"810600","2026-03-25 22:14:03.631","2026-03-25 22:14:03.631",810600,"AT&T Stadium Owner's Experience Tour","AT&T Stadium Owner's Experience Tour","stadium_tours","at-t-stadium-owner-s-experience-tour","https://seatgeek.com/at-t-stadium-owner-s-experience-tour-tickets","[PREMIUM]","[PREMIUM]",0.31,0,,,,false,,,"sports","football"
"2061","2026-03-25 22:13:41.315","2026-03-25 22:13:41.315",2061,"Baltimore Ravens","Ravens","nfl","baltimore-ravens","https://seatgeek.com/baltimore-ravens-tickets","[PREMIUM]","[PREMIUM]",0.83,693,1121,"#000000","#24135F",false,"AFC North","AFC North","sports","football"
"1","2026-03-25 22:13:03.334","2026-03-25 22:13:03.334",1,"Los Angeles Dodgers","Dodgers","mlb","los-angeles-dodgers","https://seatgeek.com/los-angeles-dodgers-tickets","[PREMIUM]","[PREMIUM]",0.81,4450896,1,"#005A9C","#005A9C",false,"National League West","NL West","sports","baseball"
"23","2026-03-25 22:13:03.334","2026-03-25 22:13:03.334",23,"Chicago White Sox","White Sox","mlb","chicago-white-sox","https://seatgeek.com/chicago-white-sox-tickets","[PREMIUM]","[PREMIUM]",0.72,803426,3715,"#000000","#000000",false,"American League Central","AL Central","sports","baseball"
"22","2026-03-25 22:13:03.334","2026-03-25 22:13:03.334",22,"San Francisco Giants","Giants","mlb","san-francisco-giants","https://seatgeek.com/san-francisco-giants-tickets","[PREMIUM]","[PREMIUM]",0.76,2202592,22,"#000000","#FD5A1E",false,"National League West","NL West","sports","baseball"
"24","2026-03-25 22:13:03.334","2026-03-25 22:13:03.334",24,"San Diego Padres","Padres","mlb","san-diego-padres","https://seatgeek.com/san-diego-padres-tickets","[PREMIUM]","[PREMIUM]",0.76,2155368,24,"#2F241D","#2F241D",false,"National League West","NL West","sports","baseball"
"25","2026-03-25 22:13:03.334","2026-03-25 22:13:03.334",25,"Baltimore Orioles","Orioles","mlb","baltimore-orioles","https://seatgeek.com/baltimore-orioles-tickets","[PREMIUM]","[PREMIUM]",0.74,1457429,25,"#000000","#DF4601",false,"American League East","AL East","sports","baseball"
"26","2026-03-25 22:13:03.334","2026-03-25 22:13:03.334",26,"Cincinnati Reds","Reds","mlb","cincinnati-reds","https://seatgeek.com/cincinnati-reds-tickets","[PREMIUM]","[PREMIUM]",0.73,1725018,26,"#000000","#C6011F",false,"National League Central","NL Central","sports","baseball"
"9","2026-03-25 22:13:03.334","2026-03-25 22:13:03.334",9,"Washington Nationals","Nationals","mlb","washington-nationals","https://seatgeek.com/washington-nationals-tickets","[PREMIUM]","[PREMIUM]",0.73,1735012,3713,"#AB0003","#AB0003",false,"National League East","NL East","sports","baseball"
"27","2026-03-25 22:13:03.334","2026-03-25 22:13:03.334",27,"St. Louis Cardinals","Cardinals","mlb","st-louis-cardinals","https://seatgeek.com/st-louis-cardinals-tickets","[PREMIUM]","[PREMIUM]",0.73,1238374,27,"#BE0A14","#BE0A14",false,"National League Central","NL Central","sports","baseball"
"28","2026-03-25 22:13:03.334","2026-03-25 22:13:03.334",28,"Los Angeles Angels","Angels","mlb","los-angeles-angels","https://seatgeek.com/los-angeles-angels-tickets","[PREMIUM]","[PREMIUM]",0.72,1370306,28,"#BA0021","#BA0021",false,"American League West","AL West","sports","baseball"
"29","2026-03-25 22:13:03.334","2026-03-25 22:13:03.334",29,"Miami Marlins","Marlins","mlb","miami-marlins","https://seatgeek.com/miami-marlins-tickets","[PREMIUM]","[PREMIUM]",0.72,919160,6371,"#000000","#00A3E0",false,"National League East","NL East","sports","baseball"
"3","2026-03-25 22:13:03.334","2026-03-25 22:13:03.334",3,"New York Mets","Mets","mlb","new-york-mets","https://seatgeek.com/new-york-mets-tickets","[PREMIUM]","[PREMIUM]",0.76,1868875,3,"#002D72","#002D72",false,"National League East","NL East","sports","baseball"
"30","2026-03-25 22:13:03.334","2026-03-25 22:13:03.334",30,"Arizona Diamondbacks","Diamondbacks","mlb","arizona-diamondbacks","https://seatgeek.com/arizona-diamondbacks-tickets","[PREMIUM]","[PREMIUM]",0.75,2555113,30,"#000000","#AA182C",false,"National League West","NL West","sports","baseball"
"4","2026-03-25 22:13:03.334","2026-03-25 22:13:03.334",4,"Tampa Bay Rays","Rays","mlb","tampa-bay-rays","https://seatgeek.com/tampa-bay-rays-tickets","[PREMIUM]","[PREMIUM]",0.72,1011402,3937,"#00285e","#00285e",false,"American League East","AL East","sports","baseball"
"10","2026-03-25 22:13:03.334","2026-03-25 22:13:03.334",10,"Pittsburgh Pirates","Pirates","mlb","pittsburgh-pirates","https://seatgeek.com/pittsburgh-pirates-tickets","[PREMIUM]","[PREMIUM]",0.73,1477788,10,"#000000","#000000",false,"National League Central","NL Central","sports","baseball"
"8","2026-03-25 22:13:03.334","2026-03-25 22:13:03.334",8,"New York Yankees","Yankees","mlb","new-york-yankees","https://seatgeek.com/new-york-yankees-tickets","[PREMIUM]","[PREMIUM]",0.78,2971803,8,"#132448","#132448",false,"American League East","AL East","sports","baseball"
"5","2026-03-25 22:13:03.334","2026-03-25 22:13:03.334",5,"Kansas City Royals","Royals","mlb","kansas-city-royals","https://seatgeek.com/kansas-city-royals-tickets","[PREMIUM]","[PREMIUM]",0.72,1849544,3714,"#004687","#004687",false,"American League Central","AL Central","sports","baseball"
"11","2026-03-25 22:13:03.334","2026-03-25 22:13:03.334",11,"Chicago Cubs","Cubs","mlb","chicago-cubs","https://seatgeek.com/chicago-cubs-tickets","[PREMIUM]","[PREMIUM]",0.77,2149359,11,"#0E3386","#0E3386",false,"National League Central","NL Central","sports","baseball"
"6","2026-03-25 22:13:03.334","2026-03-25 22:13:03.334",6,"Cleveland Guardians","Guardians","mlb","cleveland-guardians","https://seatgeek.com/cleveland-guardians-tickets","[PREMIUM]","[PREMIUM]",0.73,2036994,6,"#002B5C","#002B5C",false,"American League Central","AL Central","sports","baseball"
"12","2026-03-25 22:13:03.334","2026-03-25 22:13:03.334",12,"Detroit Tigers","Tigers","mlb","detroit-tigers","https://seatgeek.com/detroit-tigers-tickets","[PREMIUM]","[PREMIUM]",0.74,1835774,12,"#182D55","#182D55",false,"American League Central","AL Central","sports","baseball"
"21","2026-03-25 22:13:03.334","2026-03-25 22:13:03.334",21,"Boston Red Sox","Red Sox","mlb","boston-red-sox","https://seatgeek.com/boston-red-sox-tickets","[PREMIUM]","[PREMIUM]",0.78,2348524,21,"#0D2B56","#BD3039",false,"American League East","AL East","sports","baseball"
"7","2026-03-25 22:13:03.334","2026-03-25 22:13:03.334",7,"Colorado Rockies","Rockies","mlb","colorado-rockies","https://seatgeek.com/colorado-rockies-tickets","[PREMIUM]","[PREMIUM]",0.73,951844,7,"#33006F","#33006F",false,"National League West","NL West","sports","baseball"
"20","2026-03-25 22:13:03.334","2026-03-25 22:13:03.334",20,"Houston Astros","Astros","mlb","houston-astros","https://seatgeek.com/houston-astros-tickets","[PREMIUM]","[PREMIUM]",0.74,1499368,20,"#002D62","#002D62",false,"American League West","AL West","sports","baseball"
"2","2026-03-25 22:13:03.334","2026-03-25 22:13:03.334",2,"Atlanta Braves","Braves","mlb","atlanta-braves","https://seatgeek.com/atlanta-braves-tickets","[PREMIUM]","[PREMIUM]",0.76,2562697,418889,"#0C2340","#0C2340",false,"National League East","NL East","sports","baseball"
"16","2026-03-25 22:13:03.334","2026-03-25 22:13:03.334",16,"Texas Rangers","Rangers","mlb","texas-rangers","https://seatgeek.com/texas-rangers-tickets","[PREMIUM]","[PREMIUM]",0.75,2353724,487468,"#003278","#003278",false,"American League West","AL West","sports","baseball"
"17","2026-03-25 22:13:03.334","2026-03-25 22:13:03.334",17,"Toronto Blue Jays","Blue Jays","mlb","toronto-blue-jays","https://seatgeek.com/toronto-blue-jays-tickets","[PREMIUM]","[PREMIUM]",0.78,1176738,17,"#1D2D5C","#134A8E",false,"American League East","AL East","sports","baseball"
"18","2026-03-25 22:13:03.334","2026-03-25 22:13:03.334",18,"Philadelphia Phillies","Phillies","mlb","philadelphia-phillies","https://seatgeek.com/philadelphia-phillies-tickets","[PREMIUM]","[PREMIUM]",0.77,2191535,18,"#003278","#003278",false,"National League East","NL East","sports","baseball"
"13","2026-03-25 22:13:03.334","2026-03-25 22:13:03.334",13,"Seattle Mariners","Mariners","mlb","seattle-mariners","https://seatgeek.com/seattle-mariners-tickets","[PREMIUM]","[PREMIUM]",0.75,1367106,13,"#0C2C56","#0C2C56",false,"American League West","AL West","sports","baseball"
"19","2026-03-25 22:13:03.334","2026-03-25 22:13:03.334",19,"Minnesota Twins","Twins","mlb","minnesota-twins","https://seatgeek.com/minnesota-twins-tickets","[PREMIUM]","[PREMIUM]",0.72,1415667,3712,"#031F40","#031F40",false,"American League Central","AL Central","sports","baseball"
"14","2026-03-25 22:13:03.334","2026-03-25 22:13:03.334",14,"Athletics","Athletics","mlb","athletics","https://seatgeek.com/athletics-tickets","[PREMIUM]","[PREMIUM]",0.72,1025736,317,"#003831","#003831",false,"American League West","AL West","sports","baseball"
"15","2026-03-25 22:13:03.334","2026-03-25 22:13:03.334",15,"Milwaukee Brewers","Brewers","mlb","milwaukee-brewers","https://seatgeek.com/milwaukee-brewers-tickets","[PREMIUM]","[PREMIUM]",0.74,891048,15,"#12284B","#12284B",false,"National League Central","NL Central","sports","baseball"
"803002","2026-03-25 22:08:15.147","2026-03-25 22:08:15.147",803002,"MLB Futures and Legends Game","MLB Futures and Legends Game","mlb","mlb-futures-and-legends-game","https://seatgeek.com/mlb-futures-and-legends-game-tickets","[PREMIUM]","[PREMIUM]",0.75,3656,,,,true,,,"sports","baseball"
"792397","2026-03-25 22:08:15.147","2026-03-25 22:08:15.147",792397,"MLB Home Run Derby","MLB Home Run Derby","mlb","mlb-home-run-derby","https://seatgeek.com/mlb-home-run-derby-tickets","[PREMIUM]","[PREMIUM]",0.93,61615,,,,true,,,"sports","baseball"
"7264","2026-03-25 22:08:15.147","2026-03-25 22:08:15.147",7264,"MLB All-Star Game","MLB All-Star Game","mlb","mlb-all-star-game","https://seatgeek.com/mlb-all-star-game-tickets","[PREMIUM]","[PREMIUM]",0.92,149556,,,,true,,,"sports","baseball"
"793009","2026-03-25 22:01:16.704","2026-03-25 22:01:16.704",793009,"MLB Opening Day","MLB Opening Day","mlb","mlb-opening-day","https://seatgeek.com/mlb-opening-day-tickets","[PREMIUM]","[PREMIUM]",0.81,4616412,,,,true,,,"sports","baseball"
"18853","2026-03-24 22:00:44.982","2026-03-24 22:00:44.982",18853,"Sugar Land Space Cowboys","Sugar Land Space Cowboys","minor_league_baseball","sugar-land-space-cowboys","https://seatgeek.com/sugar-land-space-cowboys-tickets","[PREMIUM]","[PREMIUM]",0.4,4640,,,,false,,,"sports","baseball"
"809280","2026-03-24 22:00:44.982","2026-03-24 22:00:44.982",809280,"Spring Training","Spring Training","mlb","spring-training","https://seatgeek.com/spring-training-tickets","[PREMIUM]","[PREMIUM]",0.61,82659,,,,true,,,"sports","baseball"
"809281","2026-03-24 22:00:44.982","2026-03-24 22:00:44.982",809281,"Cactus League","Cactus League","mlb","cactus-league","https://seatgeek.com/cactus-league-tickets","[PREMIUM]","[PREMIUM]",0.63,65500,,,,true,,,"sports","baseball"
"495775","2026-03-24 22:00:44.982","2026-03-24 22:00:44.982",495775,"Sultanes De Monterrey","Sultanes De Monterrey","minor_league_baseball","sultanes-de-monterrey","https://seatgeek.com/sultanes-de-monterrey-tickets","[PREMIUM]","[PREMIUM]",0.59,4859,,,,false,,,"sports","baseball"
"9415","2026-03-23 22:01:46.831","2026-03-23 22:01:46.831",9415,"Springfield Cardinals","Springfield Cardinals","minor_league_baseball","springfield-cardinals","https://seatgeek.com/springfield-cardinals-tickets","[PREMIUM]","[PREMIUM]",0.32,924,,,,false,,,"sports","baseball"
"809282","2026-03-23 22:01:46.831","2026-03-23 22:01:46.831",809282,"Grapefruit League","Grapefruit League","mlb","grapefruit-league","https://seatgeek.com/grapefruit-league-tickets","[PREMIUM]","[PREMIUM]",0.59,19800,,,,true,,,"sports","baseball"
"1965932","2026-03-22 22:16:07.066","2026-03-22 22:16:07.066",1965932,"Cavaliers Team Member RSVP","Cavaliers Team Member RSVP","nba","cavaliers-team-member-rsvp","https://seatgeek.com/cavaliers-team-member-rsvp-tickets","[PREMIUM]","[PREMIUM]",0.44,4180,,,,true,,,"sports","basketball"
"9258","2026-03-22 22:01:27.992","2026-03-22 22:01:27.992",9258,"Sacramento River Cats","Sacramento River Cats","minor_league_baseball","sacramento-river-cats","https://seatgeek.com/sacramento-river-cats-tickets","[PREMIUM]","[PREMIUM]",0.41,8112,,,,false,,,"sports","baseball"
"810537","2026-03-21 22:01:30.668","2026-03-21 22:01:30.668",810537,"Spring Breakout","Spring Breakout","mlb","spring-breakout","https://seatgeek.com/spring-breakout-tickets","[PREMIUM]","[PREMIUM]",0.57,27876,,,,true,,,"sports","baseball"
"150543","2026-03-13 22:01:17.786","2026-03-13 22:01:17.786",150543,"Futures at Fenway","Futures at Fenway","mlb","futures-at-fenway","https://seatgeek.com/futures-at-fenway-tickets","[PREMIUM]","[PREMIUM]",0.39,465,,,,false,,,"sports","baseball"
"1959692","2026-03-07 22:01:33.662","2026-03-07 22:01:33.662",1959692,"Big League Weekend","Big League Weekend","mlb","big-league-weekend-1","https://seatgeek.com/big-league-weekend-1-tickets","[PREMIUM]","[PREMIUM]",0.57,6345,,,,true,,,"sports","baseball"
"800225","2026-03-04 22:00:58.182","2026-03-04 22:00:58.182",800225,"Venezuela Baseball","Venezuela Baseball","baseball","venezuela-baseball","https://seatgeek.com/venezuela-baseball-tickets","[PREMIUM]","[PREMIUM]",0.71,341219,,,,false,,,"sports","baseball"
"57222","2026-03-04 22:00:58.182","2026-03-04 22:00:58.182",57222,"World Baseball Classic","World Baseball Classic","baseball","world-baseball-classic","https://seatgeek.com/world-baseball-classic-tickets","[PREMIUM]","[PREMIUM]",0.7,2448556,,,,true,,,"sports","baseball"
"800223","2026-03-03 22:01:15.035","2026-03-03 22:01:15.035",800223,"Colombia Baseball","Colombia Baseball","baseball","colombia-baseball","https://seatgeek.com/colombia-baseball-tickets","[PREMIUM]","[PREMIUM]",0.58,13227,,,,false,,,"sports","baseball"
"800224","2026-03-03 22:01:15.035","2026-03-03 22:01:15.035",800224,"Puerto Rico Baseball","Puerto Rico Baseball","baseball","puerto-rico-baseball","https://seatgeek.com/puerto-rico-baseball-tickets","[PREMIUM]","[PREMIUM]",0.68,67104,,,,false,,,"sports","baseball"
"800227","2026-03-03 22:01:15.035","2026-03-03 22:01:15.035",800227,"Israel Baseball","Israel Baseball","baseball","israel-baseball","https://seatgeek.com/israel-baseball-tickets","[PREMIUM]","[PREMIUM]",0.63,125032,,,,false,,,"sports","baseball"
"802196","2026-03-03 22:01:15.035","2026-03-03 22:01:15.035",802196,"Cuba Baseball","Cuba Baseball","baseball","cuba-baseball","https://seatgeek.com/cuba-baseball-tickets","[PREMIUM]","[PREMIUM]",0.6,19500,,,,false,,,"sports","baseball"
"800221","2026-03-03 22:01:15.035","2026-03-03 22:01:15.035",800221,"Canada Baseball","Canada Baseball","baseball","canada-baseball","https://seatgeek.com/canada-baseball-tickets","[PREMIUM]","[PREMIUM]",0.57,20910,,,,false,,,"sports","baseball"
"1957487","2026-03-03 22:01:15.035","2026-03-03 22:01:15.035",1957487,"Great Britain Baseball","Great Britain Baseball","baseball","great-britain-baseball","https://seatgeek.com/great-britain-baseball-tickets","[PREMIUM]","[PREMIUM]",0.68,171064,,,,false,,,"sports","baseball"
"806247","2026-03-03 22:01:15.035","2026-03-03 22:01:15.035",806247,"Nicaragua Baseball","Nicaragua Baseball","baseball","nicaragua-baseball","https://seatgeek.com/nicaragua-baseball-tickets","[PREMIUM]","[PREMIUM]",0.67,311276,,,,false,,,"sports","baseball"
"806248","2026-03-03 22:01:15.035","2026-03-03 22:01:15.035",806248,"Panama Baseball","Panama Baseball","baseball","panama-baseball","https://seatgeek.com/panama-baseball-tickets","[PREMIUM]","[PREMIUM]",0.57,29187,,,,false,,,"sports","baseball"
"1957489","2026-03-03 22:01:15.035","2026-03-03 22:01:15.035",1957489,"Netherlands Baseball","Netherlands Baseball","baseball","netherlands-baseball","https://seatgeek.com/netherlands-baseball-tickets","[PREMIUM]","[PREMIUM]",0.65,191090,,,,false,,,"sports","baseball"
"1967457","2026-03-03 22:01:15.035","2026-03-03 22:01:15.035",1967457,"Brazil Baseball","Brazil Baseball","baseball","brazil-baseball","https://seatgeek.com/brazil-baseball-tickets","[PREMIUM]","[PREMIUM]",0.67,170770,,,,false,,,"sports","baseball"
"608253","2026-03-03 22:01:15.035","2026-03-03 22:01:15.035",608253,"Mexico Baseball","Mexico Baseball","baseball","mexico-baseball","https://seatgeek.com/mexico-baseball-tickets","[PREMIUM]","[PREMIUM]",0.76,829290,,,,false,,,"sports","baseball"
"10620","2026-03-03 22:01:15.035","2026-03-03 22:01:15.035",10620,"USA Baseball","USA Baseball","baseball","usa-baseball","https://seatgeek.com/usa-baseball-tickets","[PREMIUM]","[PREMIUM]",0.77,880096,,,,false,,,"sports","baseball"
"1957488","2026-03-03 22:01:15.035","2026-03-03 22:01:15.035",1957488,"Italy Baseball","Italy Baseball","baseball","italy-baseball","https://seatgeek.com/italy-baseball-tickets","[PREMIUM]","[PREMIUM]",0.62,73984,,,,false,,,"sports","baseball"
"808957","2026-02-26 22:11:41.564","2026-02-26 22:11:41.564",808957,"Gold Rush Super Nationals","Gold Rush Super Nationals","nfl","gold-rush-super-nationals","https://seatgeek.com/gold-rush-super-nationals-tickets","[PREMIUM]","[PREMIUM]",0.64,9618,,,,true,,,"sports","football"
"9574","2026-02-20 22:01:13.802","2026-02-20 22:01:13.802",9574,"Minnesota Golden Gophers Baseball","Minnesota Golden Gophers Baseball","ncaa_baseball","minnesota-golden-gophers-baseball","https://seatgeek.com/minnesota-golden-gophers-baseball-tickets","[PREMIUM]","[PREMIUM]",0.38,2572,207417,"#5F0B2F","#5F0B2F",false,,,"sports","baseball"
"13955","2026-02-19 22:01:32.106","2026-02-19 22:01:32.106",13955,"Northeastern Huskies Baseball","Northeastern Huskies Baseball","ncaa_baseball","northeastern-huskies-baseball","https://seatgeek.com/northeastern-huskies-baseball-tickets","[PREMIUM]","[PREMIUM]",0.58,24688,,,,false,,,"sports","baseball"
"798921","2026-02-15 22:14:00.425","2026-02-15 22:14:00.425",798921,"NBA All-Star Game","NBA All-Star Game","nba","nba-all-star-game","https://seatgeek.com/nba-all-star-game-tickets","[PREMIUM]","[PREMIUM]",0.7,108326,,,,true,,,"sports","basketball"
"107742","2026-02-14 22:16:04.087","2026-02-14 22:16:04.087",107742,"NBA All-Star Saturday Night","NBA All-Star Saturday Night","nba","nba-all-star-saturday-night","https://seatgeek.com/nba-all-star-saturday-night-tickets","[PREMIUM]","[PREMIUM]",0.73,58962,,,,true,,,"sports","basketball"
"302351","2026-02-13 22:16:30.785","2026-02-13 22:16:30.785",302351,"NBA All Star Celebrity Game","NBA All Star Celebrity Game","nba","nba-all-star-celebrity-game","https://seatgeek.com/nba-all-star-celebrity-game-tickets","[PREMIUM]","[PREMIUM]",0.66,13523,,,,true,,,"sports","basketball"
"302352","2026-02-13 22:16:30.785","2026-02-13 22:16:30.785",302352,"NBA All Star Rising Stars Challenge","NBA All Star Rising Stars Challenge","nba","nba-all-star-rising-stars-challenge","https://seatgeek.com/nba-all-star-rising-stars-challenge-tickets","[PREMIUM]","[PREMIUM]",0.62,9565,,,,true,,,"sports","basketball"
"800993","2026-02-13 22:16:30.785","2026-02-13 22:16:30.785",800993,"NBA HBCU Classic","NBA HBCU Classic","nba","nba-hbcu-classic","https://seatgeek.com/nba-hbcu-classic-tickets","[PREMIUM]","[PREMIUM]",0.47,1197,,,,true,,,"sports","basketball"
"11591","2026-02-08 22:11:26.070","2026-02-08 22:11:26.070",11591,"Super Bowl","Super Bowl","nfl","super-bowl","https://seatgeek.com/super-bowl-tickets","[PREMIUM]","[PREMIUM]",0.99,6045158,128,,,true,,,"sports","football"
"2081","2026-02-08 22:11:26.070","2026-02-08 22:11:26.070",2081,"Seattle Seahawks","Seahawks","nfl","seattle-seahawks","https://seatgeek.com/seattle-seahawks-tickets","[PREMIUM]","[PREMIUM]",0.81,6045160,339,"#002244","#002244",false,"NFC West","NFC West","sports","football"
"2085","2026-02-08 22:11:26.070","2026-02-08 22:11:26.070",2085,"New England Patriots","Patriots","nfl","new-england-patriots","https://seatgeek.com/new-england-patriots-tickets","[PREMIUM]","[PREMIUM]",0.8,8520568,33,"#002244","#002244",false,"AFC East","AFC East","sports","football"
"616548","2026-02-08 22:11:26.070","2026-02-08 22:11:26.070",616548,"Bad Bunny","Bad Bunny","band","bad-bunny","https://seatgeek.com/bad-bunny-tickets","[PREMIUM]","[PREMIUM]",0.84,6045158,,,,false,,,"concert",
"793008","2026-02-08 22:11:26.070","2026-02-08 22:11:26.070",793008,"NFL Playoffs","NFL Playoffs","nfl","nfl-playoffs","https://seatgeek.com/nfl-playoffs-tickets","[PREMIUM]","[PREMIUM]",0.88,6045158,,"#000000","#000000",true,,,"sports","football"
"304538","2026-01-30 22:16:57.478","2026-01-30 22:16:57.478",304538,"NHL Stadium Series","NHL Stadium Series","nhl","nhl-stadium-series","https://seatgeek.com/nhl-stadium-series-tickets","[PREMIUM]","[PREMIUM]",0.77,111115,,,,true,,,"sports","hockey"
"13474","2026-01-25 22:15:07.315","2026-01-25 22:15:07.315",13474,"NFC Championship Game","NFC Championship Game","nfl","nfc-championship-game","https://seatgeek.com/nfc-championship-game-tickets","[PREMIUM]","[PREMIUM]",0.88,258635,,,,true,,,"sports","football"
"2080","2026-01-25 22:15:07.315","2026-01-25 22:15:07.315",2080,"Los Angeles Rams","Rams","nfl","los-angeles-rams","https://seatgeek.com/los-angeles-rams-tickets","[PREMIUM]","[PREMIUM]",0.79,496034,487036,"#003594","#003594",false,"NFC West","NFC West","sports","football"
"14051","2026-01-24 22:08:53.837","2026-01-24 22:08:53.837",14051,"AFC Championship","AFC Championship","nfl","afc-championship","https://seatgeek.com/afc-championship-tickets","[PREMIUM]","[PREMIUM]",0.9,402972,,,,true,,,"sports","football"
"2074","2026-01-24 22:08:53.837","2026-01-24 22:08:53.837",2074,"Denver Broncos","Broncos","nfl","denver-broncos","https://seatgeek.com/denver-broncos-tickets","[PREMIUM]","[PREMIUM]",0.77,402982,1131,"#002244","#002244",false,"AFC West","AFC West","sports","football"
"793006","2026-01-18 22:07:53.295","2026-01-18 22:07:53.295",793006,"NFC Divisional Round","NFC Divisional Round","nfl","nfc-divisional-round","https://seatgeek.com/nfc-divisional-round-tickets","[PREMIUM]","[PREMIUM]",0.85,377558,,,,true,,,"sports","football"
"2082","2026-01-18 22:07:53.295","2026-01-18 22:07:53.295",2082,"Chicago Bears","Bears","nfl","chicago-bears","https://seatgeek.com/chicago-bears-tickets","[PREMIUM]","[PREMIUM]",0.79,621707,31,"#0B162A","#0B162A",false,"NFC North","NFC North","sports","football"
"2071","2026-01-17 22:08:36.124","2026-01-17 22:08:36.124",2071,"Houston Texans","Texans","nfl","houston-texans","https://seatgeek.com/houston-texans-tickets","[PREMIUM]","[PREMIUM]",0.77,259133,41,"#03202F","#03202F",false,"AFC South","AFC South","sports","football"
"792983","2026-01-17 22:08:36.124","2026-01-17 22:08:36.124",792983,"AFC Divisional","AFC Divisional","nfl","afc-divisional","https://seatgeek.com/afc-divisional-tickets","[PREMIUM]","[PREMIUM]",0.84,515086,,,,true,,,"sports","football"
"2084","2026-01-17 22:08:36.124","2026-01-17 22:08:36.124",2084,"Buffalo Bills","Bills","nfl","buffalo-bills","https://seatgeek.com/buffalo-bills-tickets","[PREMIUM]","[PREMIUM]",0.77,328126,1135,"#00338D","#00338D",false,"AFC East","AFC East","sports","football"
"2076","2026-01-17 22:08:36.124","2026-01-17 22:08:36.124",2076,"San Francisco 49ers","49ers","nfl","san-francisco-49ers","https://seatgeek.com/san-francisco-49ers-tickets","[PREMIUM]","[PREMIUM]",0.8,124533,58670,"#AA0000","#AA0000",false,"NFC West","NFC West","sports","football"
"792984","2026-01-12 22:11:27.089","2026-01-12 22:11:27.089",792984,"AFC Wild Card","AFC Wild Card","nfl","afc-wild-card","https://seatgeek.com/afc-wild-card-tickets","[PREMIUM]","[PREMIUM]",0.83,100891,,,,true,,,"sports","football"
"2056","2026-01-12 22:11:27.089","2026-01-12 22:11:27.089",2056,"Pittsburgh Steelers","Steelers","nfl","pittsburgh-steelers","https://seatgeek.com/pittsburgh-steelers-tickets","[PREMIUM]","[PREMIUM]",0.82,151594,1119,"#181818","#181818",false,"AFC North","AFC North","sports","football"
"2062","2026-01-11 22:22:36.245","2026-01-11 22:22:36.245",2062,"Philadelphia Eagles","Eagles","nfl","philadelphia-eagles","https://seatgeek.com/philadelphia-eagles-tickets","[PREMIUM]","[PREMIUM]",0.84,325248,330,"#004C54","#004C54",false,"NFC East","NFC East","sports","football"
"2086","2026-01-11 22:22:36.245","2026-01-11 22:22:36.245",2086,"Los Angeles Chargers","Chargers","nfl","los-angeles-chargers","https://seatgeek.com/los-angeles-chargers-tickets","[PREMIUM]","[PREMIUM]",0.8,121180,487036,"#007BC7","#007BC7",false,"AFC West","AFC West","sports","football"
"793007","2026-01-11 22:22:36.245","2026-01-11 22:22:36.245",793007,"NFC Wild Card Game","NFC Wild Card Game","nfl","nfc-wild-card-game","https://seatgeek.com/nfc-wild-card-game-tickets","[PREMIUM]","[PREMIUM]",0.86,208400,,,,true,,,"sports","football"
"2064","2026-01-10 22:08:08.242","2026-01-10 22:08:08.242",2064,"Jacksonville Jaguars","Jaguars","nfl","jacksonville-jaguars","https://seatgeek.com/jacksonville-jaguars-tickets","[PREMIUM]","[PREMIUM]",0.75,276934,5178,"#101820","#006778",false,"AFC South","AFC South","sports","football"
"2083","2026-01-10 22:08:05.103","2026-01-10 22:08:05.103",2083,"Green Bay Packers","Packers","nfl","green-bay-packers","https://seatgeek.com/green-bay-packers-tickets","[PREMIUM]","[PREMIUM]",0.82,335193,1125,"#203731","#203731",false,"NFC North","NFC North","sports","football"
"2060","2026-01-04 22:08:53.442","2026-01-04 22:08:53.442",2060,"Kansas City Chiefs","Chiefs","nfl","kansas-city-chiefs","https://seatgeek.com/kansas-city-chiefs-tickets","[PREMIUM]","[PREMIUM]",0.85,78755,1128,"#E31837","#E31837",false,"AFC West","AFC West","sports","football"
"2068","2026-01-04 22:08:53.442","2026-01-04 22:08:53.442",2068,"Detroit Lions","Lions","nfl","detroit-lions","https://seatgeek.com/detroit-lions-tickets","[PREMIUM]","[PREMIUM]",0.82,134704,346,"#0076B6","#0076B6",false,"NFC North","NFC North","sports","football"
"2087","2026-01-04 22:08:53.442","2026-01-04 22:08:53.442",2087,"Las Vegas Raiders","Raiders","nfl","las-vegas-raiders","https://seatgeek.com/las-vegas-raiders-tickets","[PREMIUM]","[PREMIUM]",0.81,78755,514837,"#181818","#181818",false,"AFC West","AFC West","sports","football"
"2070","2026-01-04 22:08:53.442","2026-01-04 22:08:53.442",2070,"New York Jets","Jets","nfl","new-york-jets","https://seatgeek.com/new-york-jets-tickets","[PREMIUM]","[PREMIUM]",0.78,72006,1587,"#000000","#115740",false,"AFC East","AFC East","sports","football"
"2058","2026-01-04 22:08:53.442","2026-01-04 22:08:53.442",2058,"Miami Dolphins","Dolphins","nfl","miami-dolphins","https://seatgeek.com/miami-dolphins-tickets","[PREMIUM]","[PREMIUM]",0.77,71346,29,"#00838D","#00838D",false,"AFC East","AFC East","sports","football"
"2067","2026-01-03 22:08:02.408","2026-01-03 22:08:02.408",2067,"Tampa Bay Buccaneers","Buccaneers","nfl","tampa-bay-buccaneers","https://seatgeek.com/tampa-bay-buccaneers-tickets","[PREMIUM]","[PREMIUM]",0.78,108470,39,"#34302B","#D50A0A",false,"NFC South","NFC South","sports","football"
"2075","2026-01-03 22:07:57.171","2026-01-03 22:07:57.171",2075,"Cincinnati Bengals","Bengals","nfl","cincinnati-bengals","https://seatgeek.com/cincinnati-bengals-tickets","[PREMIUM]","[PREMIUM]",0.79,42117,1124,"#000000","#FB4F14",false,"AFC North","AFC North","sports","football"
"1964764","2026-01-03 22:07:57.171","2026-01-03 22:07:57.171",1964764,"Pittsburgh Steelers Tailgates","Pittsburgh Steelers Tailgates","nfl","pittsburgh-steelers-tailgates","https://seatgeek.com/pittsburgh-steelers-tailgates-tickets","[PREMIUM]","[PREMIUM]",0.3,101,,,,true,,,"sports","football"
"1964763","2026-01-03 22:07:57.171","2026-01-03 22:07:57.171",1964763,"Minnesota Vikings Tailgates","Minnesota Vikings Tailgates","nfl","minnesota-vikings-tailgates","https://seatgeek.com/minnesota-vikings-tailgates-tickets","[PREMIUM]","[PREMIUM]",0.3,73,,,,true,,,"sports","football"
"2079","2026-01-03 22:07:57.171","2026-01-03 22:07:57.171",2079,"New York Giants","Giants","nfl","new-york-giants","https://seatgeek.com/new-york-giants-tickets","[PREMIUM]","[PREMIUM]",0.81,76240,1587,"#0B2265","#0B2265",false,"NFC East","NFC East","sports","football"
"2073","2026-01-03 22:07:57.171","2026-01-03 22:07:57.171",2073,"Cleveland Browns","Browns","nfl","cleveland-browns","https://seatgeek.com/cleveland-browns-tickets","[PREMIUM]","[PREMIUM]",0.79,42117,1123,"#311D00","#FF3C00",false,"AFC North","AFC North","sports","football"
"2072","2026-01-03 22:07:57.171","2026-01-03 22:07:57.171",2072,"Minnesota Vikings","Vikings","nfl","minnesota-vikings","https://seatgeek.com/minnesota-vikings-tickets","[PREMIUM]","[PREMIUM]",0.81,101569,218451,"#4F2683","#4F2683",false,"NFC North","NFC North","sports","football"
"2069","2026-01-03 22:07:57.171","2026-01-03 22:07:57.171",2069,"New Orleans Saints","Saints","nfl","new-orleans-saints","https://seatgeek.com/new-orleans-saints-tickets","[PREMIUM]","[PREMIUM]",0.81,68837,128,"#000000","#000000",false,"NFC South","NFC South","sports","football"
"1964762","2026-01-03 22:07:57.171","2026-01-03 22:07:57.171",1964762,"Denver Broncos Tailgates","Denver Broncos Tailgates","nfl","denver-broncos-tailgates","https://seatgeek.com/denver-broncos-tailgates-tickets","[PREMIUM]","[PREMIUM]",0.39,488,,,,true,,,"sports","football"
"2066","2026-01-03 22:07:57.171","2026-01-03 22:07:57.171",2066,"Dallas Cowboys","Cowboys","nfl","dallas-cowboys","https://seatgeek.com/dallas-cowboys-tickets","[PREMIUM]","[PREMIUM]",0.85,77085,4965,"#002B5C","#002B5C",false,"NFC East","NFC East","sports","football"
"2065","2026-01-03 22:07:57.171","2026-01-03 22:07:57.171",2065,"Indianapolis Colts","Colts","nfl","indianapolis-colts","https://seatgeek.com/indianapolis-colts-tickets","[PREMIUM]","[PREMIUM]",0.76,180344,1130,"#002C5F","#002C5F",false,"AFC South","AFC South","sports","football"
"1964761","2026-01-03 22:07:57.171","2026-01-03 22:07:57.171",1964761,"Chicago Bears Tailgates","Chicago Bears Tailgates","nfl","chicago-bears-tailgates","https://seatgeek.com/chicago-bears-tailgates-tickets","[PREMIUM]","[PREMIUM]",0.33,3,,,,true,,,"sports","football"
"2059","2026-01-03 22:07:57.171","2026-01-03 22:07:57.171",2059,"Atlanta Falcons","Falcons","nfl","atlanta-falcons","https://seatgeek.com/atlanta-falcons-tickets","[PREMIUM]","[PREMIUM]",0.78,88756,419590,"#000000","#A71930",false,"NFC South","NFC South","sports","football"
"12521","2025-12-29 22:09:37.708","2025-12-29 22:09:37.708",12521,"NHL Winter Classic","NHL Winter Classic","nhl","nhl-winter-classic","https://seatgeek.com/nhl-winter-classic-tickets","[PREMIUM]","[PREMIUM]",0.82,222284,,,,true,,,"sports","hockey"
"1964765","2025-12-29 22:08:33.465","2025-12-29 22:08:33.465",1964765,"Tampa Bay Buccaneers Tailgates","Tampa Bay Buccaneers Tailgates","nfl","tampa-bay-buccaneers-tailgates","https://seatgeek.com/tampa-bay-buccaneers-tailgates-tickets","[PREMIUM]","[PREMIUM]",0.39,550,,,,true,,,"sports","football"
"1964947","2025-12-27 22:07:36.154","2025-12-27 22:07:36.154",1964947,"Tennessee Titans Tailgates","Tennessee Titans Tailgates","nfl","tennessee-titans-tailgates","https://seatgeek.com/tennessee-titans-tailgates-tickets","[PREMIUM]","[PREMIUM]",0.39,36,1609404,,,false,,,"sports","football"
"799643","2025-12-26 22:07:50.154","2025-12-26 22:07:50.154",799643,"Green Bay Packers Tailgates","Green Bay Packers Tailgates","nfl","green-bay-packers-tailgates","https://seatgeek.com/green-bay-packers-tailgates-tickets","[PREMIUM]","[PREMIUM]",0.37,4,,,,true,,,"sports","football"
"799458","2025-12-25 22:07:10.327","2025-12-25 22:07:10.327",799458,"Kansas City Chiefs Tailgates","Kansas City Chiefs Tailgates","nfl","kansas-city-chiefs-tailgates","https://seatgeek.com/kansas-city-chiefs-tailgates-tickets","[PREMIUM]","[PREMIUM]",0.48,106,1128,,,true,,,"sports","football"
"1964948","2025-12-24 22:06:47.699","2025-12-24 22:06:47.699",1964948,"Washington Commanders Tailgates","Washington Commanders Tailgates","nfl","washington-commanders-tailgates","https://seatgeek.com/washington-commanders-tailgates-tickets","[PREMIUM]","[PREMIUM]",0.39,28,,,,true,,,"sports","football"
"1964946","2025-12-20 22:09:58.080","2025-12-20 22:09:58.080",1964946,"New Orleans Saints Tailgates","New Orleans Saints Tailgates","nfl","new-orleans-saints-tailgates","https://seatgeek.com/new-orleans-saints-tailgates-tickets","[PREMIUM]","[PREMIUM]",0.37,2,,,,true,,,"sports","football"
"792442","2025-12-18 22:09:02.002","2025-12-18 22:09:02.002",792442,"Seattle Seahawks Tailgate","Seattle Seahawks Tailgate","nfl","seattle-seahawks-tailgate","https://seatgeek.com/seattle-seahawks-tailgate-tickets","[PREMIUM]","[PREMIUM]",0.3,24,,,,true,,,"sports","football"
"804528","2025-12-16 22:11:06.923","2025-12-16 22:11:06.923",804528,"NBA Cup","NBA Cup","nba","nba-cup","https://seatgeek.com/nba-cup-tickets","[PREMIUM]","[PREMIUM]",0.69,41384,161601,,,true,,,"sports","basketball"
"1964945","2025-12-16 22:08:36.104","2025-12-16 22:08:36.104",1964945,"Dallas Cowboys Tailgates","Dallas Cowboys Tailgates","nfl","dallas-cowboys-tailgates","https://seatgeek.com/dallas-cowboys-tailgates-tickets","[PREMIUM]","[PREMIUM]",0.42,262,,,,true,,,"sports","football"
"1964944","2025-12-05 22:16:52.402","2025-12-05 22:16:52.402",1964944,"Arizona Cardinals Tailgates","Arizona Cardinals Tailgates","nfl","arizona-cardinals-tailgates","https://seatgeek.com/arizona-cardinals-tailgates-tickets","[PREMIUM]","[PREMIUM]",0.37,317,,,,true,,,"sports","football"
"1955179","2025-12-04 22:14:15.627","2025-12-04 22:14:15.627",1955179,"Pregame Party at Heritage","Pregame Party at Heritage","nfl","pregame-party-at-heritage","https://seatgeek.com/pregame-party-at-heritage-tickets","[PREMIUM]","[PREMIUM]",0.56,1303,43,,,true,,,"sports","football"
"807543","2025-11-28 22:08:04.921","2025-11-28 22:08:04.921",807543,"AT&T Stadium Art Tour","AT&T Stadium Art Tour","stadium_tours","at-t-stadium-art-tour-2","https://seatgeek.com/at-t-stadium-art-tour-2-tickets","[PREMIUM]","[PREMIUM]",0.35,316,,,,false,,,"sports","football"
"809925","2025-11-22 22:09:56.693","2025-11-22 22:09:56.693",809925,"AT&T Stadium Self-Guided Rally Day Tour","AT&T Stadium Self-Guided Rally Day Tour","stadium_tours","at-t-stadium-self-guided-rally-day-tour","https://seatgeek.com/at-t-stadium-self-guided-rally-day-tour-tickets","[PREMIUM]","[PREMIUM]",0.38,95,,,,false,,,"sports","football"
"1954364","2025-11-21 22:11:10.075","2025-11-21 22:11:10.075",1954364,"AT&T Stadium VIP Guided Rally Day Tour","AT&T Stadium VIP Guided Rally Day Tour","stadium_tours","at-t-stadium-vip-guided-rally-day-tour-1","https://seatgeek.com/at-t-stadium-vip-guided-rally-day-tour-1-tickets","[PREMIUM]","[PREMIUM]",0.36,14656,,,,false,,,"sports","football"
"1957841","2025-11-14 22:01:41.831","2025-11-14 22:01:41.831",1957841,"Arizona Fall League Championship","Arizona Fall League Championship","baseball","arizona-fall-league-championship","https://seatgeek.com/arizona-fall-league-championship-tickets","[PREMIUM]","[PREMIUM]",0.3,192,,,,true,,,"sports","baseball"
"1957842","2025-11-14 22:01:41.831","2025-11-14 22:01:41.831",1957842,"Arizona Fall League","Arizona Fall League","baseball","arizona-fall-league","https://seatgeek.com/arizona-fall-league-tickets","[PREMIUM]","[PREMIUM]",0.33,192,,,,false,,,"sports","baseball"
"1957839","2025-11-09 22:01:29.517","2025-11-09 22:01:29.517",1957839,"Arizona Fall League Fall Stars Game","Arizona Fall League Fall Stars Game","baseball","arizona-fall-league-fall-stars-game","https://seatgeek.com/arizona-fall-league-fall-stars-game-tickets","[PREMIUM]","[PREMIUM]",0.31,205,,,,true,,,"sports","baseball"
"806011","2025-11-08 22:09:51.746","2025-11-08 22:09:51.746",806011,"NFL International Series","NFL International Series","nfl","nfl-international-series","https://seatgeek.com/nfl-international-series-tickets","[PREMIUM]","[PREMIUM]",0.7,33054,,"#000000","#000000",true,,,"sports","football"
"1957838","2025-11-08 22:01:09.489","2025-11-08 22:01:09.489",1957838,"Arizona Fall League Home Run Derby","Arizona Fall League Home Run Derby","baseball","arizona-fall-league-home-run-derby","https://seatgeek.com/arizona-fall-league-home-run-derby-tickets","[PREMIUM]","[PREMIUM]",0.34,278,,,,true,,,"sports","baseball"
"257280","2025-11-01 22:01:13.299","2025-11-01 22:01:13.299",257280,"MLB World Series","MLB World Series","mlb","mlb-world-series","https://seatgeek.com/mlb-world-series-tickets","[PREMIUM]","[PREMIUM]",0.95,6170041,,"#041E42","#041E42",true,,,"sports","baseball"
"793010","2025-11-01 22:01:13.299","2025-11-01 22:01:13.299",793010,"MLB Postseason","MLB Postseason","mlb","mlb-postseason","https://seatgeek.com/mlb-postseason-tickets","[PREMIUM]","[PREMIUM]",0.88,6170041,,,,true,,,"sports","baseball"
"792987","2025-10-20 22:01:22.017","2025-10-20 22:01:22.017",792987,"ALCS","ALCS","mlb","alcs","https://seatgeek.com/alcs-tickets","[PREMIUM]","[PREMIUM]",0.83,706838,,"#091F3F","#091F3F",true,,,"sports","baseball"
"792974","2025-10-17 22:01:27.893","2025-10-17 22:01:27.893",792974,"NLCS","NLCS","mlb","nlcs","https://seatgeek.com/nlcs-tickets","[PREMIUM]","[PREMIUM]",0.83,4200365,,"#041E42","#041E42",true,,,"sports","baseball"
"1964866","2025-10-13 22:11:00.768","2025-10-13 22:11:00.768",1964866,"Guangzhou Loong Lions","Guangzhou Loong Lions","basketball","guangzhou-loong-lions","https://seatgeek.com/guangzhou-loong-lions-tickets","[PREMIUM]","[PREMIUM]",0.49,674,,,,false,,,"sports","basketball"
"792986","2025-10-11 22:01:58.633","2025-10-11 22:01:58.633",792986,"NLDS","NLDS","mlb","nlds","https://seatgeek.com/nlds-tickets","[PREMIUM]","[PREMIUM]",0.86,4031758,,,,true,,,"sports","baseball"
"792985","2025-10-10 22:01:39.016","2025-10-10 22:01:39.016",792985,"ALDS","ALDS","mlb","alds","https://seatgeek.com/alds-tickets","[PREMIUM]","[PREMIUM]",0.83,569710,,,,true,,,"sports","baseball"
